Years,Total Residential*
2003,4072.822665267576
2004,3849.9230374551053
2005,4437.290836653387
2006,4215.686274509804
2007,4441.660261337433
2008,4947.382337387626
2009,4771.083660864683
2010,4227.782380557857
2011,4074.1289437585738
2012,4154.27807486631
2013,3897.712332369182
2014,3857.285902503294
2015,3949.2255185087947
2016,4205.435080977217
2017,4300.0807537012115
2018,4317.439409905163
