Year Of Loss,amountPaidOnBuildingClaim
2019,197371582.73999953
2018,521694822.590002
2017,3567071013.260007
2016,1497794830.4999895
2015,281495373.42999995
2014,97313468.20000014
2013,128786616.03000015
2012,3932932305.00002
2011,739290513.9099939
2010,205821944.41000018
